<?xml version="1.0" encoding="UTF-8"?>
<project-private xmlns="http://www.netbeans.org/ns/project-private/1">
    <editor-bookmarks xmlns="http://www.netbeans.org/ns/editor-bookmarks/2" lastBookmarkId="0"/>
    <open-files xmlns="http://www.netbeans.org/ns/projectui-open-files/2">
        <group>
            <file>file:/C:/Users/rebecca.murphy2/Documents/GitHub/charlie/CharliePlugins/src/charlie/advisor/basicStrategy.java</file>
            <file>file:/C:/Users/rebecca.murphy2/Documents/GitHub/charlie/CharliePlugins/src/charlie/advisor/MyAdvisor.java</file>
            <file>file:/C:/Users/rebecca.murphy2/Documents/GitHub/charlie/CharliePlugins/test/charlie/bs/section3/Test00_A2_6.java</file>
        </group>
    </open-files>
</project-private>
